{
    "columns": [
        "x",
        "y",
        "z",
        "intensity"
    ],
    "extrinsic": {
        "rotation": [
            1,
            0,
            0,
            0,
            1,
            0,
            0,
            0,
            1
        ],
        "translation": {
            "x": 0,
            "y": 0,
            "z": 0
        }
    },
    "objects": [
        {
            "id": "bfd28f8174d84103a56313cbe316c703",
            "class": "SUV",
            "box3d": {
                "size": {
                    "width": 1.9282897310549751,
                    "height": 1.8114089965820312,
                    "length": 4.818460067095469
                },
                "rotation": [
                    -0.9989026162928416,
                    -0.04683549042463586,
                    0.0,
                    0.04683549042463586,
                    -0.9989026162928416,
                    0.0,
                    0.0,
                    0.0,
                    1.0
                ],
                "translation": {
                    "x": 10.819510471771355,
                    "y": -16.969612395191902,
                    "z": -12.039148330688477
                }
            }
        },
        {
            "id": "80100d4279d24bb3bfe0d5162ff869fb",
            "class": "SUV",
            "box3d": {
                "size": {
                    "width": 1.8928103217440957,
                    "height": 1.7795276641845703,
                    "length": 4.854008411363133
                },
                "rotation": [
                    -0.9945218953682733,
                    0.10452846326765373,
                    0.0,
                    -0.10452846326765373,
                    -0.9945218953682733,
                    0.0,
                    0.0,
                    0.0,
                    1.0
                ],
                "translation": {
                    "x": 7.015642709604206,
                    "y": -24.63322150838706,
                    "z": -11.99645709991455
                }
            }
        },
        {
            "id": "748e896d5f004ee69ed7b49deb260f86",
            "class": "Car",
            "box3d": {
                "size": {
                    "width": 1.6258503339609827,
                    "height": 1.4193239212036133,
                    "length": 4.194554335793037
                },
                "rotation": [
                    -0.9996573249755573,
                    0.026176948307873423,
                    0.0,
                    -0.026176948307873423,
                    -0.9996573249755573,
                    0.0,
                    0.0,
                    0.0,
                    1.0
                ],
                "translation": {
                    "x": 5.394977421101062,
                    "y": -13.696278209362085,
                    "z": -12.325107097625732
                }
            }
        },
        {
            "id": "58a2c144f8c6426cb1321a01d4be92a3",
            "class": "Car",
            "box3d": {
                "size": {
                    "width": 1.8571068896732015,
                    "height": 1.5284662246704102,
                    "length": 4.791172494929935
                },
                "rotation": [
                    -0.9994859041510948,
                    -0.032061306948852106,
                    0.0,
                    0.032061306948852106,
                    -0.9994859041510948,
                    0.0,
                    0.0,
                    0.0,
                    1.0
                ],
                "translation": {
                    "x": 3.404151044437472,
                    "y": -17.2071470458984,
                    "z": -12.23095178604126
                }
            }
        },
        {
            "id": "0b394d729a5c4923a83c5576056403f1",
            "class": "SUV",
            "box3d": {
                "size": {
                    "width": 1.5838244966605453,
                    "height": 1.9203195571899414,
                    "length": 3.961070442689417
                },
                "rotation": [
                    -0.9994859041510948,
                    -0.032061306948852106,
                    0.0,
                    0.032061306948852106,
                    -0.9994859041510948,
                    0.0,
                    0.0,
                    0.0,
                    1.0
                ],
                "translation": {
                    "x": -3.146871333726087,
                    "y": -17.24355761196349,
                    "z": -12.036329746246336
                }
            }
        },
        {
            "id": "46c6e95da86b481eb9f4ed93ce53c0ed",
            "class": "SUV",
            "box3d": {
                "size": {
                    "width": 1.4556283736407156,
                    "height": 1.6895465850830078,
                    "length": 4.60173441978061
                },
                "rotation": [
                    -0.9974410743625277,
                    0.0714933785362423,
                    0.0,
                    -0.0714933785362423,
                    -0.9974410743625277,
                    0.0,
                    0.0,
                    0.0,
                    1.0
                ],
                "translation": {
                    "x": -0.7140795093452146,
                    "y": -22.10222706508476,
                    "z": -12.076010704040527
                }
            }
        },
        {
            "id": "ac9edb2ecf1840b98739d5ba2b2b58f1",
            "class": "SUV",
            "box3d": {
                "size": {
                    "width": 1.1751849833894785,
                    "height": 1.7849817276000977,
                    "length": 4.511290010351553
                },
                "rotation": [
                    -0.9914448613738104,
                    0.13052619222005157,
                    0.0,
                    -0.13052619222005157,
                    -0.9914448613738104,
                    0.0,
                    0.0,
                    0.0,
                    1.0
                ],
                "translation": {
                    "x": -2.79189151529342,
                    "y": -25.140043385290497,
                    "z": -12.058507442474365
                }
            }
        },
        {
            "id": "f339fd6d0fe24f0fbe82b4a743a605d9",
            "class": "Small_Truck",
            "box3d": {
                "size": {
                    "width": 1.882205735012521,
                    "height": 1.9131803512573242,
                    "length": 4.754972955546252
                },
                "rotation": [
                    -0.9901263976552637,
                    0.14017744706696095,
                    0.0,
                    -0.14017744706696095,
                    -0.9901263976552637,
                    0.0,
                    0.0,
                    0.0,
                    1.0
                ],
                "translation": {
                    "x": -5.67844778709522,
                    "y": -29.112914261089767,
                    "z": -12.083228588104248
                }
            }
        },
        {
            "id": "b93afc911f1b4319b629c87011c1cd2e",
            "class": "Small_Car",
            "box3d": {
                "size": {
                    "width": 1.5013658310316558,
                    "height": 1.522465705871582,
                    "length": 2.959832930374268
                },
                "rotation": [
                    -0.9876883405951378,
                    0.15643446504023054,
                    0.0,
                    -0.15643446504023054,
                    -0.9876883405951378,
                    0.0,
                    0.0,
                    0.0,
                    1.0
                ],
                "translation": {
                    "x": -8.981156543357674,