{
    "intrinsic": {
        "fx": 991.011962890625,
        "fy": 983.4378051757812,
        "cx": 914.08095319118,
        "cy": 592.3270050350839
    },
    "extrinsic": {
        "rotation": [
            -0.9984284066256514,
            -0.05237560168647548,
            -0.01993773284358718,
            0.006796340994415461,
            0.2399778699059715,
            -0.9707545682120068,
            0.05562846925855696,
            -0.9693644403955469,
            -0.23924475982678814
        ],
        "translation": {
            "x": 0.0890227,
            "y": 4.82294,
            "z": 1.23326
        }
    },
    "objects": [
        {
            "id": "9f1f11e9547344779fa88ac035942d43",
            "class": "Car",
            "box3d": {
                "size": {
                    "width": 1.8981910029621718,
                    "height": 1.4669335883073262,
                    "length": 2.9428779681370454
                },
                "rotation": [
                    0.2659761809064437,
                    -0.9633593440609297,
                    0.03457521367855338,
                    -0.15896255280172672,
                    -0.07920802810695408,
                    -0.984102126351816,
                    0.9507826134281068,
                    0.2562515609589586,
                    -0.17420550941034038
                ],
                "translation": {
                    "x": 3.663809980552437,
                    "y": 1.3848859820296364,
                    "z": 19.507721011814517
                }
            }
        }
    ]
}