{
    "columns": [
        "x",
        "y",
        "z",
        "intensity"
    ],
    "extrinsic": {
        "rotation": [
            1,
            0,
            0,
            0,
            1,
            0,
            0,
            0,
            1
        ],
        "translation": {
            "x": 0,
            "y": 0,
            "z": 0
        }
    },
    "objects": [
        {
            "id": "0b89d2582f0840e8a8238e3ac8c601a6",
            "class": "Car",
            "box3d": {
                "size": {
                    "width": 1.8981910029621718,
                    "height": 1.4669335883073262,
                    "length": 2.9428779681370454
                },
                "rotation": [
                    -0.2103075614891163,
                    0.9763156911058117,
                    -0.050777956645407574,
                    -0.9744868122233444,
                    -0.2135124042233382,
                    -0.06919469665772103,
                    -0.0783975916931493,
                    0.034930281180534,
                    0.9963100386292226
                ],
                "translation": {
                    "x": -2.5759550633985415,
                    "y": -18.726901186822115,
                    "z": -1.105835545803499
                }
            }
        }
    ]
}